dataset/s10/file1.jpg;9
dataset/s10/file3.jpg;9
dataset/s10/file4.jpg;9
dataset/s10/file6.jpg;9
dataset/s10/file7.jpg;9
dataset/s10/file8.jpg;9
dataset/s10/file9.jpg;9
dataset/s10/file12.jpg;9
dataset/s10/file20.jpg;9
dataset/s10/file21.jpg;9
dataset/s10/file5.jpg;9
dataset/s10/file2.jpg;9
dataset/s10/file10.jpg;9
dataset/s10/file11.jpg;9
dataset/s10/file13.jpg;9
dataset/s10/file14.jpg;9
dataset/s10/file15.jpg;9
dataset/s10/file16.jpg;9
dataset/s10/file17.jpg;9
dataset/s10/file18.jpg;9
dataset/s10/file23.jpg;9
dataset/s10/file24.jpg;9
dataset/s10/file25.jpg;9
dataset/s10/file26.jpg;9
dataset/s10/file27.jpg;9
dataset/s10/file28.jpg;9
dataset/s10/file29.jpg;9
dataset/s10/file30.jpg;9
dataset/s10/file22.jpg;9
dataset/s10/file19.jpg;9
